{
  "models": {
    "Logistic Regression": {
      "fpr": [
        0.0,
        0.01,
        0.02,
        0.03,
        0.04,
        0.05,
        0.06,
        0.07,
        0.08,
        0.09,
        0.1,
        0.11,
        0.12,
        0.13,
        0.14,
        0.15,
        0.16,
        0.17,
        0.18,
        0.19,
        0.2,
        0.21,
        0.22,
        0.23,
        0.24,
        0.25,
        0.26,
        0.27,
        0.28,
        0.29,
        0.3,
        0.31,
        0.32,
        0.33,
        0.34,
        0.35000000000000003,
        0.36,
        0.37,
        0.38,
        0.39,
        0.4,
        0.41000000000000003,
        0.42,
        0.43,
        0.44,
        0.45,
        0.46,
        0.47000000000000003,
        0.48,
        0.49,
        0.5,
        0.51,
        0.52,
        0.53,
        0.54,
        0.55,
        0.56,
        0.5700000000000001,
        0.58,
        0.59,
        0.6,
        0.61,
        0.62,
        0.63,
        0.64,
        0.65,
        0.66,
        0.67,
        0.68,
        0.6900000000000001,
        0.7000000000000001,
        0.71,
        0.72,
        0.73,
        0.74,
        0.75,
        0.76,
        0.77,
        0.78,
        0.79,
        0.8,
        0.81,
        0.8200000000000001,
        0.8300000000000001,
        0.84,
        0.85,
        0.86,
        0.87,
        0.88,
        0.89,
        0.9,
        0.91,
        0.92,
        0.93,
        0.9400000000000001,
        0.9500000000000001,
        0.96,
        0.97,
        0.98,
        0.99,
        1.0
      ],
      "tpr": [
        0.0,
        0.005934718100890208,
        0.021760633036597428,
        0.03165182987141444,
        0.03956478733926805,
        0.05242334322453017,
        0.06033630069238378,
        0.07319485657764589,
        0.08011869436201781,
        0.09198813056379822,
        0.10187932739861523,
        0.10880316518298715,
        0.11177052423343224,
        0.12265084075173097,
        0.12660731948565776,
        0.13550939663699307,
        0.14638971315529178,
        0.1641938674579624,
        0.17408506429277942,
        0.18298714144411474,
        0.19683481701285854,
        0.19980217606330367,
        0.20474777448071216,
        0.21167161226508407,
        0.2344213649851632,
        0.2443125618199802,
        0.26310583580613256,
        0.27200791295746785,
        0.27398615232443124,
        0.28486646884273,
        0.29772502472799206,
        0.3105835806132542,
        0.31750741839762614,
        0.32146389713155293,
        0.3303659742828882,
        0.33827893175074186,
        0.35113748763600394,
        0.35410484668644904,
        0.3649851632047478,
        0.37190900098911966,
        0.3867457962413452,
        0.39960435212660733,
        0.4055390702274975,
        0.4134520276953511,
        0.43026706231454004,
        0.4352126607319486,
        0.44411473788328387,
        0.4540059347181009,
        0.4638971315529179,
        0.4836795252225519,
        0.49653808110781406,
        0.49752720079129575,
        0.5123639960435212,
        0.52324431256182,
        0.5400593471810089,
        0.5459940652818991,
        0.5618199802176064,
        0.5756676557863502,
        0.582591493570722,
        0.5954500494559841,
        0.6023738872403561,
        0.6152324431256182,
        0.6241345202769535,
        0.636003956478734,
        0.6429277942631059,
        0.6488625123639961,
        0.658753709198813,
        0.6745796241345203,
        0.6824925816023739,
        0.6923837784371909,
        0.6993076162215628,
        0.7101879327398615,
        0.7190900098911969,
        0.7359050445103857,
        0.7457962413452027,
        0.7576656775469832,
        0.7685459940652819,
        0.7823936696340257,
        0.7972304648862513,
        0.8041543026706232,
        0.8140454995054401,
        0.8170128585558852,
        0.8328387734915925,
        0.8427299703264095,
        0.8506429277942631,
        0.8565776458951533,
        0.8674579624134521,
        0.8763600395647874,
        0.8832838773491593,
        0.9000989119683481,
        0.9070227497527201,
        0.913946587537092,
        0.9198813056379822,
        0.9317507418397626,
        0.9426310583580614,
        0.9515331355093967,
        0.9653808110781404,
        0.9703264094955489,
        0.9792284866468842,
        0.9871414441147379,
        1.0
      ],
      "auc": 0.4984343105515767
    },
    "Random Forest": {
      "fpr": [
        0.0,
        0.01,
        0.02,
        0.03,
        0.04,
        0.05,
        0.06,
        0.07,
        0.08,
        0.09,
        0.1,
        0.11,
        0.12,
        0.13,
        0.14,
        0.15,
        0.16,
        0.17,
        0.18,
        0.19,
        0.2,
        0.21,
        0.22,
        0.23,
        0.24,
        0.25,
        0.26,
        0.27,
        0.28,
        0.29,
        0.3,
        0.31,
        0.32,
        0.33,
        0.34,
        0.35000000000000003,
        0.36,
        0.37,
        0.38,
        0.39,
        0.4,
        0.41000000000000003,
        0.42,
        0.43,
        0.44,
        0.45,
        0.46,
        0.47000000000000003,
        0.48,
        0.49,
        0.5,
        0.51,
        0.52,
        0.53,
        0.54,
        0.55,
        0.56,
        0.5700000000000001,
        0.58,
        0.59,
        0.6,
        0.61,
        0.62,
        0.63,
        0.64,
        0.65,
        0.66,
        0.67,
        0.68,
        0.6900000000000001,
        0.7000000000000001,
        0.71,
        0.72,
        0.73,
        0.74,
        0.75,
        0.76,
        0.77,
        0.78,
        0.79,
        0.8,
        0.81,
        0.8200000000000001,
        0.8300000000000001,
        0.84,
        0.85,
        0.86,
        0.87,
        0.88,
        0.89,
        0.9,
        0.91,
        0.92,
        0.93,
        0.9400000000000001,
        0.9500000000000001,
        0.96,
        0.97,
        0.98,
        0.99,
        1.0
      ],